{"graph":{"nodes":[],"edges":[]},"play":{"isFullscreen":false,"initialGraphHasLoaded":true},"layout":{"graphPhysics":{"linkStrength":1,"linkDistance":0.5,"charge":-0.01,"gravity":0.1,"friction":0.3,"heightCompress":1,"collision":0.02},"edgeBundle":{"isOpen":false,"isCanOpen":false,"stepSize":0.2,"compatibilityThreshold":0.4},"degreeFilter":{"min":0,"max":100,"from":0,"to":100,"active":true},"download":{"influencers":0,"external":0,"vendors":0},"currentLayout":"shift","extraParamters":{"value":1.5,"scaleOnAxis":{"x":true,"y":true,"z":true},"t":1718205366524,"axis":"x","shiftAmount":"-0.1"},"trigger":false,"parametricHistory":{}},"node":{"show":false,"currentNodeId":"109b753afca932707f22257998465dd2","currentEdgeId":"","currentMoveNodeId":"109b753afca932707f22257998465dd2","data":{"action_type":"","actions":"","email":"","enterprise_id":"","enterprise_name":"","first_seen":"","last_seen":"","receive_cnt":0,"received_from":[],"send_cnt":0,"sent_to":[],"user_type":""},"dataRefer":null,"mouseLocation":{"x":-1000,"y":-1000},"command":{"content":"","extra":{}},"tableResult":[],"clearGraph":0,"cleanGraph":0,"nodeOperator":{"operator":"","extraParams":{}},"nodeFilter":{},"edgeFilter":{},"labelNodeProperty":{"label":"","property":"","value":0},"labeledNodesVisiblity":{"label":"","visible":true},"relationshipVisiblity":{"relationship":"","visible":true},"relationshipWidthProperty":{"relationship":"","property":""},"search":"","newNodes":[],"currentLabels":{},"searchedNodes":[],"flyTo":"","showInfoPanel":{"nodeId":"109b753afca932707f22257998465dd2","edgeId":null},"tagNodeByProperty":"name","tagNodeByCategory":"*","dataChanging":0.7919658027817522,"handledNodesPropertyNodes":[],"expandPanel":{"show":false,"nodeIds":[]},"showRightPanel":{"x":0,"y":0,"nodeId":null,"edgeId":null},"currentSelectNodeNum":1,"moveBorder":"","nodeNum":546,"select":false,"hideCommand":{"content":"","extra":{}}},"shortestPath":{"startNodeIds":[],"endNodeIds":[],"properties":null},"refresh":{"refresh":true},"dbInfo":{"host":"localhost","port":"","user":"root","password":"","database":"","dbType":"mysql"},"ui":{"topbar":"project","subTabs":{"project":"data"},"bars":{},"sceneOperator":"camera","axisScale":2,"showGraphBuilder":{"fileName":"","isShow":false,"dataType":"csv","schemaName":"","schema":null,"data":null,"isEdit":false},"neighborsSliderShow":false,"popWindow":{"windowName":"","title":"","content":{"icon":""}},"enhancedTable":{"isShow":false,"tabName":"","tableName":""},"currentLegend":{"name":"Category","extraParams":{"withRelationships":true,"showCategoryPropertyTagStyling":false,"showRelationshipStyling":false,"property":"country","useScale":false,"scaleSequential":"Rainbow","colorMap":{"Not Available":"#ff0000","US":"#ff7f0e","GB":"#2ca02c","CH":"#00e5ff"},"iconMap":{"Not Available":"character-a"}}},"currentExtension":"Grove","showAddNode":false,"showAddEdge":false,"newEntityBox":{"toggle":false,"params":{}},"showChangeCategory":false,"lightbox":{"toggle":false},"showCustomContainer":{"isShow":false,"url":"","props":{}},"showTimeline":false},"settings":{"loadInnerRelationship":true,"autoShowImage":false,"autoShowCaption":false,"disableInfoPanel":true,"quickInfo":false,"hideArrow":false,"showRelationshipName":false,"useDash":false,"nodeCaptionPosition":"right","iconMode":1,"useCurve":false,"hidePin":true,"edgeWidthScale":1,"nodeSizeScale":0.8,"captionSizeScale":1,"captionMaxLength":100,"fogDensity":0,"showSnapshot":false,"theme":"dark","captionMultiLangua":false,"blendEdges":false,"mode":"3D","iconConfig":{"id":0,"iconPath":"/public/default_icons/spritesheet.png","iconColumn":4}},"categoryConfig":{"SW_VC":{"captions":[],"avatar_property":"","size_property":"","label":"SW_VC","background_color":"#1f77b4","icon":{"name":"rhombus","category":"symbol","unicode":"ec4d","version":2},"caption_color":"","template":"","visible":true,"order":[],"keys":[],"_id":"6666ee6ea4eb2d571902123f","hiddenConfig":{},"isUserAction":true},"SPYWARE":{"captions":["spywareName"],"avatar_property":"","size_property":"","label":"SPYWARE","background_color":"#aec7e8","icon":"","caption_color":"","properties":{"spywareName":false},"template":"","visible":true,"order":["spywareName"],"keys":[],"_id":"6666f13da4eb2d57190214b1","hiddenConfig":{}},"Geo":{"captions":[],"avatar_property":"","size_property":"","label":"Geo","background_color":"#ff7f0e","icon":"","caption_color":"","template":"","visible":true,"order":[],"keys":[],"_id":"6666f163a4eb2d571902150b","hiddenConfig":{}},"COUNTRIES":{"captions":[],"avatar_property":"","size_property":"","label":"COUNTRIES","background_color":"#ffbb78","icon":"","caption_color":"","template":"","visible":true,"order":[],"keys":[],"_id":"6666f195a4eb2d571902157a","hiddenConfig":{}},"Spyware":{"captions":["spywareName"],"avatar_property":"","size_property":"","label":"Spyware","background_color":"#2ca02c","icon":{"name":"napster","category":"brand","unicode":"eafb","version":2},"caption_color":"","template":"","visible":false,"order":["spywareName"],"keys":[],"_id":"6666f208a4eb2d571902169d","hiddenConfig":{},"isUserAction":true,"properties":{"spywareName":false},"hidden":{}},"newCategory":{"captions":[],"avatar_property":"","size_property":"","label":"newCategory","background_color":"#98df8a","icon":"","caption_color":"","template":"","visible":true,"order":[],"keys":[],"_id":"6666f275a4eb2d57190217c2","hiddenConfig":{}},"Country":{"background_color":"#8c564b","captions":["numAttacks"],"avatar_property":"","size_property":"","label":"Country","icon":{"name":"map-marker","category":"material","unicode":"ec11","version":2},"caption_color":"","template":"","visible":true,"properties":{},"hidden":{},"hiddenConfig":{},"order":[],"isUserAction":true},"Incident":{"background_color":"#1f77b4","captions":[],"avatar_property":"","size_property":"","label":"Incident","icon":{"name":"rhombus","category":"symbol","unicode":"ec4d","version":2},"caption_color":"","template":"","visible":true,"properties":{},"hidden":{},"hiddenConfig":{},"order":[],"isUserAction":true}},"relationshipConfig":{"targetsSpyware":{"relationship":"targetsSpyware","color":"#74b9ff","size":1,"width_property":"","visible":true,"captions":[],"order":[],"_id":"6666f13da4eb2d57190214c2","hiddenConfig":{}},"IPToGeoLocation_SW_VC_to_":{"relationship":"IPToGeoLocation_SW_VC_to_","color":"#a29bfe","size":1,"width_property":"","visible":true,"captions":[],"order":[],"_id":"6666f163a4eb2d5719021518","hiddenConfig":{}},"targetCountry":{"relationship":"targetCountry","color":"#0984e3","size":1,"width_property":"","visible":true,"captions":[],"order":[],"_id":"6666f195a4eb2d57190215ad","hiddenConfig":{}},"vendorSpyware":{"relationship":"vendorSpyware","color":"#6c5ce7","size":1,"width_property":"","visible":true,"captions":[],"order":[],"_id":"6666f208a4eb2d57190216cd","hiddenConfig":{}},"newRelationship":{"relationship":"newRelationship","color":"#ff7675","size":1,"width_property":"","visible":true,"captions":[],"order":[],"_id":"6666f275a4eb2d57190217de","hiddenConfig":{}},"spywarevendor":{"relationship":"spywarevendor","color":"#7f7f7f","size":1,"captions":[],"width_property":"","visible":true,"hiddenConfig":{},"properties":{},"hidden":{},"order":[],"isUserAction":true,"_id":"6669b482234fe7440d6e5296"},"TO":{"relationship":"TO","color":"#ff7f0e","size":1,"width_property":"","visible":true,"captions":[],"order":[],"_id":"6669b4f0234fe7440d6e53af","hiddenConfig":{}},"IS":{"relationship":"IS","color":"#aec7e8","size":1,"captions":[],"width_property":"","visible":true,"hiddenConfig":{},"properties":{},"hidden":{},"order":[]},"AT":{"relationship":"AT","color":"#ff7f0e","size":1,"captions":[],"width_property":"","visible":true,"hiddenConfig":{},"properties":{},"hidden":{},"order":[],"_id":"6669bb78234fe7440d6e63f9","isUserAction":true}},"mouseEvent":{"name":"hoverOff","screenPosition":{"x":-10000,"y":-10000},"type":"","mouseType":"left","isOnQuickInfo":false,"isOnNode":false,"object":{"id":"AT-lx8ym8vo9eot7_incident-b494420d78b45cfaefd4f1a442998cdb-shortcut","name":"AT","properties":{"uid":"shortcut"}}},"controls":{"mapsetting":{"enabled":false}},"camera":{"hideAxes":false,"rotating":false,"speed":1,"axis":"y"},"experimentalFeatures":{"timeline":{"name":"Enable Timeline","description":"Visualize nodes on a timeline","type":"boolean","value":false},"maxNodes":{"name":"Max Nodes","description":"Limit the number of nodes displayed","type":"number","value":100000}},"collectionName":{},"queryParameter":{},"schemas":{"csv":{"model1 (1)":{"version":"1.0","header":["app_ip","app_name","content_info","duration","error_code","error_msg","function_name","insert_time","level","message_name","msg_id","parent_msg_id","parent_span_id","record_time","remote_ip","service_name","span_id","top_msg_id","trace_id","type"],"nodeMapping":[{"autoId":true,"id":"Category1","key":"trace_id","name":"Client","x":117.88676186085422,"y":237.4843558007174,"properties":{"trace_id":""}},{"autoId":true,"id":"Category2","key":"message_name","name":"Service","x":292.8867618608542,"y":236.4843558007174,"properties":{"message_name":"","msg_id":"","parent_msg_id":""}},{"autoId":true,"id":"Category3","key":"app_name","name":"Application","x":452.8867618608542,"y":236.4843558007174,"properties":{"app_ip":"","app_name":"","parent_span_id":"","span_id":""}},{"autoId":true,"id":"Category4","key":"remote_ip","name":"Database","x":622.8867618608542,"y":238.4843558007174,"properties":{"remote_ip":""}}],"edgeMapping":[{"name":"call","properties":{"type":"","duration":""},"from":"Category1","fromKey":"trace_id","to":"Category2","toKey":"message_name","key":"type"},{"name":"belong","properties":{},"from":"Category2","fromKey":"message_name","to":"Category3","toKey":"app_name"},{"name":"deploy","properties":{},"from":"Category3","fromKey":"app_name","to":"Category4","toKey":"remote_ip"}]},"model2":{"version":"1.0","header":["app_ip","app_name","content_info","duration","error_code","error_msg","function_name","insert_time","level","message_name","msg_id","parent_msg_id","parent_span_id","record_time","remote_ip","service_name","span_id","top_msg_id","trace_id","type"],"nodeMapping":[{"autoId":true,"id":"Category1","key":"trace_id","name":"Client","x":117.88676186085422,"y":237.4843558007174,"properties":{"trace_id":""}},{"autoId":true,"id":"Category2","key":"message_name","name":"Service","x":292.8867618608542,"y":237.4843558007174,"properties":{"message_name":"","msg_id":"","parent_msg_id":"","trace_id":""}},{"autoId":true,"id":"Category3","key":"app_name","name":"Application","x":416.8867618608542,"y":114.4843558007174,"properties":{"app_ip":"","app_name":"","parent_span_id":"","span_id":"","trace_id":""}},{"autoId":true,"id":"Category4","key":"remote_ip","name":"Database","x":616.8867618608542,"y":213.4843558007174,"properties":{"remote_ip":"","trace_id":""}}],"edgeMapping":[{"name":"call","properties":{"type":"","duration":""},"from":"Category1","fromKey":"trace_id","to":"Category2","toKey":"message_name","key":"type"},{"name":"belong","properties":{},"from":"Category2","fromKey":"message_name","to":"Category3","toKey":"app_name"},{"name":"call","properties":{"duration":""},"from":"Category2","fromKey":"message_name","to":"Category4","toKey":"remote_ip","key":""}]},"service-app":{"version":"1.0","header":["app_ip","app_name","content_info","duration","error_code","error_msg","function_name","insert_time","level","message_name","msg_id","parent_msg_id","parent_span_id","record_time","remote_ip","service_name","span_id","top_msg_id","trace_id","type"],"nodeMapping":[{"autoId":true,"id":"Category1","key":"message_name","name":"Service","x":130.80658944429973,"y":170.63743901809852,"properties":{"message_name":""}},{"autoId":true,"id":"Category2","key":"app_name","name":"App","x":376.80658944429973,"y":166.63743901809852,"properties":{"app_name":""}}],"edgeMapping":[{"name":"Service_Category2","properties":{},"from":"Category1","fromKey":"message_name","to":"Category2","toKey":"app_name"}]}}},"liveCode":{},"mapsetting":{"mapServer":{"MapBox":{"name":"MapBox","host":"https://api.mapbox.com/styles/v1/mapbox/dark-v10/tiles/{z}/{x}/{y}?access_token=pk.eyJ1IjoibGkzNDI0OTQ0OTEiLCJhIjoiY2poaDhrZDFuMXVlYjM2bDh0eXlvYzJoOCJ9.0okdjDMoJopxEhINIQfzyg","searchEngine":"https://nominatim.openstreetmap.org/search?q={s}&format=json","editable":false},"Google":{"name":"Google","host":"https://mt0.google.com/vt/lyrs=s&hl=en&x={x}&y={y}&z={z}","searchEngine":"https://nominatim.openstreetmap.org/search?q={s}&format=json","editable":false},"OpenStreetMap":{"name":"OpenStreetMap","host":"/api/proxy/link?url=https://tile.openstreetmap.org/{z}/{x}/{y}.png","searchEngine":"https://nominatim.openstreetmap.org/search?q={s}&format=json","editable":false}},"currentServerName":"MapBox","mode":"Floor","autoFit":false}}