{
  "id": "",
  "name": "",
  "font_family": "iconfont",
  "css_prefix_text": "icon-",
  "description": "",
  "glyphs": [
    {
      "icon_id": "13760756",
      "name": "icon-link",
      "font_class": "icon-link",
      "unicode": "e612",
      "unicode_decimal": 58898
    },
    {
      "icon_id": "27280532",
      "name": "code",
      "font_class": "code",
      "unicode": "e649",
      "unicode_decimal": 58953
    },
    {
      "icon_id": "27280533",
      "name": "unpin",
      "font_class": "unpin",
      "unicode": "e64a",
      "unicode_decimal": 58954
    }
  ]
}
